date,purpleair_pm2.5,PA_pm2_5a,PA_pm2_5b,avg_temp,max_temp,min_temp,RH,dewpoint,RefEmb_pm2.5
3/2/2020,31.80073056,33.26770538,32.5801983,34.33742524,40,31.11111111,56.06515581,24.02895814,48.33333333
3/3/2020,47.92648362,50.18763158,49.29204986,31.69513697,41.66666667,25.55555556,59.66759003,22.51923669,46.70833333
3/4/2020,39.27079677,40.65235457,39.875,33.42566944,41.11111111,26.66666667,55.25484765,22.74315174,32.29166667
3/5/2020,30.84530536,32.1816205,31.58031856,34.0143121,41.66666667,29.44444444,56.29085873,23.60803324,32.58333333
3/6/2020,47.31898943,48.79760388,47.80221607,32.8601108,40,28.88888889,55.82686981,22.61465066,45.45833333
3/7/2020,18.58415013,19.06429363,18.84031856,34.00815636,41.11111111,28.88888889,55.07063712,23.26100339,24.20833333
3/8/2020,15.99024452,16.47099723,16.17037396,34.37827024,41.66666667,30.55555556,53.70083102,23.1563558,18.04166667
3/9/2020,13.18258147,13.65101248,13.30929265,34.30960086,41.66666667,28.88888889,55.21914008,23.54523039,15.16666667
3/10/2020,23.72191891,24.72911111,24.17719444,34.05864198,41.11111111,29.44444444,56.14166667,23.5632716,22.75
3/11/2020,23.39558229,24.33247911,23.80629526,32.92865986,41.11111111,26.11111111,57.23955432,22.9008047,23.86956522
3/12/2020,24.36690689,25.32104167,24.83666667,33.18981481,41.66666667,26.66666667,56.05694444,22.70679012,25
3/13/2020,21.72723899,22.43995839,22.05235784,34.13777161,41.11111111,29.44444444,58.22746186,24.26182771,23.75
3/14/2020,30.36086117,31.6605,31.12301389,33.76234568,42.77777778,28.88888889,57.14583333,23.60185185,33.29166667
3/15/2020,25.24450482,26.22887812,25.79969529,33.3910434,40.55555556,27.22222222,55.66620499,22.71698984,24.875
3/16/2020,21.57251854,22.31264543,21.92548476,33.44567559,41.11111111,27.22222222,56.00138504,22.88319483,25.75
3/17/2020,23.06739432,23.9365097,23.46649584,33.17482302,41.11111111,28.33333333,58.01523546,23.27870114,28.75
3/18/2020,28.46061114,29.36568655,28.94823856,32.84866697,40.55555556,28.33333333,58.30651872,23.05131761,35.25
3/19/2020,23.68367501,24.43943135,24.00263523,32.23917399,39.44444444,28.33333333,60.92787795,23.403452,29.41666667
3/20/2020,30.32700997,31.40700831,31.04141274,32.83625731,40,28.88888889,59.9099723,23.61957525,32.75
3/21/2020,20.80709766,21.33435506,21.19122053,33.75635691,41.11111111,28.88888889,56.88210818,23.3903529,21.29166667
3/22/2020,20.26167169,20.85290859,20.61552632,33.44182825,40.55555556,28.33333333,57.66204986,23.46645122,22.95833333
3/23/2020,23.75027941,24.47303324,24.13282548,31.53200985,35,27.77777778,60.81163435,22.82856263,27.16666667
3/24/2020,20.20994366,20.50416089,20.51699029,29.02065033,34.44444444,25,65.20249653,21.57805517,22.54166667
3/25/2020,19.61156002,19.96940443,19.78868421,30.54324408,37.77777778,25.55555556,57.23407202,20.63558018,21.29166667
3/26/2020,13.65578006,13.82481276,13.77509015,32.61365388,40.55555556,26.66666667,54.67545076,21.62120512,16.45833333
3/27/2020,25.20913345,25.8148615,25.63720222,32.38611881,41.66666667,28.88888889,58.05817175,22.51231148,21.04166667
3/28/2020,32.36098922,33.0865,32.90809722,33.31867284,41.66666667,28.33333333,55.80138889,22.61265432,26.91666667
3/29/2020,27.33756818,28.04524931,27.75878116,32.83856571,42.22222222,27.77777778,58.14819945,22.98091721,23.41666667
3/30/2020,16.16968974,16.65004161,16.42298197,32.75080906,41.11111111,28.33333333,57.37586685,22.5920789,19.95833333
3/31/2020,11.16862063,11.2701662,11.22627424,33.17328409,40,27.77777778,57.8601108,23.15481687,15.375
4/1/2020,20.18006541,20.59353675,20.53312067,31.08183079,37.22222222,27.22222222,61.47988904,22.53197719,24.58333333
4/2/2020,18.88824279,19.46567867,19.25242382,33.19021237,41.11111111,26.11111111,51.78254848,21.1611265,24.83333333
4/3/2020,16.93134199,17.26210818,17.18951456,32.51425489,39.44444444,28.33333333,59.62413315,23.18230852,25.75
4/4/2020,14.05542626,14.20732316,14.15514563,31.73678533,39.44444444,27.77777778,57.04299584,21.79226383,19.41666667
4/5/2020,15.63570007,15.91612188,15.79793629,33.88888889,43.33333333,26.11111111,52.26592798,21.89212065,20.58333333
4/6/2020,11.55947937,11.70005548,11.62700416,33.28556018,38.88888889,27.77777778,56.38557559,23.03513638,17.16666667
4/7/2020,14.10691531,14.31868239,14.26984743,34.68793343,42.22222222,28.33333333,49.74202497,22.01494837,21.16666667
4/8/2020,6.62542627,6.58598338,6.551246537,34.62296091,41.66666667,29.44444444,53.02354571,23.10403201,14.41666667
4/9/2020,9.657577717,9.765963939,9.662912621,34.45523193,42.22222222,29.44444444,53.08737864,22.82863307,15.95833333
4/10/2020,15.49121306,15.64065097,15.59847645,32.75700215,41.11111111,29.44444444,57.16620499,22.79701447,16.95454545
4/11/2020,16.01607703,16.27656033,16.26962552,34.29650177,41.66666667,28.88888889,53.10402219,22.80089382,19.95833333
4/12/2020,15.14123559,15.4660749,15.33843273,34.48528279,41.66666667,28.88888889,51.9223301,22.60055479,19
4/13/2020,11.77084423,11.77800554,11.80116343,34.52216066,41.66666667,28.88888889,53.54432133,23.07863958,18.45833333
4/14/2020,11.0189379,11.04345354,11.06384189,34.48605332,41.11111111,30,54.25658807,23.41963323,17.375
4/15/2020,12.33576847,12.32619972,12.38875173,34.46756049,41.66666667,28.33333333,53.73647712,23.18539066,20
4/16/2020,17.2802757,17.45307906,17.50726768,34.10695022,41.11111111,30,55.50485437,23.50439205,23.54166667
4/17/2020,17.94960155,18.34165049,18.23495146,33.31946371,38.88888889,30,56.48682386,23.10217291,24.29166667
4/18/2020,11.67491666,11.69402219,11.7454785,33.66004007,38.88888889,30,56.20249653,23.34412082,19.45833333
4/19/2020,9.457888843,9.398654646,9.468349515,33.0243489,39.44444444,28.88888889,56.81553398,22.96347665,16.29166667
4/20/2020,7.743580285,7.65926491,7.676324549,33.08830328,38.88888889,28.88888889,55.72676838,22.60903067,13.25
4/21/2020,12.60615294,12.72058252,12.68574202,33.25782093,41.66666667,27.77777778,54.24549237,22.27307752,16.5
4/22/2020,20.58174331,20.9057975,20.95446602,30.40144861,32.77777778,26.11111111,61.45769764,21.94328864,22.41666667
4/23/2020,26.03682323,26.59234397,26.69167822,32.25073201,41.11111111,27.77777778,54.32038835,21.36692865,26.20833333
4/24/2020,17.17666496,17.45548611,17.48594444,33.74768519,41.66666667,28.88888889,53.16111111,22.01311728,17.41666667
4/25/2020,13.27079863,13.32961165,13.36128988,32.75851441,39.44444444,28.33333333,56.22330097,22.46185853,16.16666667
4/26/2020,26.42911823,26.60214979,26.97302358,27.99583911,31.66666667,23.88888889,69.71705964,21.7051934,21.41666667
4/27/2020,15.70615212,15.53771151,15.87331484,31.68207736,37.77777778,26.66666667,57.94868239,21.96332255,17.95833333
4/28/2020,23.79865072,24.10879334,24.33993065,32.0087841,37.22222222,28.33333333,58.89320388,22.66759131,11.14285714
4/29/2020,15.83104317,16.07119279,16.12558946,33.28478964,39.44444444,28.33333333,54.21359223,22.17676067,16.08333333
4/30/2020,16.48285108,16.81212205,16.70852982,32.41793805,39.44444444,27.77777778,56.31345354,22.15903837,19.08333333
5/1/2020,22.00957719,22.36615811,22.51535368,33.27246109,38.88888889,28.33333333,53.57281553,22.18446602,26.54166667
5/2/2020,15.06753696,15.34312067,15.31661581,33.89736477,40,30,55.69902913,23.36261365,17.95833333
5/3/2020,12.07110265,12.07550624,12.15697642,31.32531977,38.33333333,25,63.53536755,23.28478964,14.54166667
5/4/2020,13.27579261,13.29877947,13.40676838,32.00107875,37.77777778,27.77777778,58.7739251,22.64062259,19.04166667
5/5/2020,19.24068104,19.61709722,19.61606944,33.36959877,39.44444444,29.44444444,56.86666667,23.31404321,20
5/6/2020,19.53211249,19.97325936,19.92683773,33.41346895,38.33333333,29.44444444,58.22191401,23.7871783,19.83333333
5/7/2020,14.72968516,14.91489598,14.8557975,33.45045462,38.88888889,28.88888889,57.43411928,23.56834643,18
5/8/2020,15.04175378,15.22797503,15.18079057,34.23640006,40.55555556,30,54.19417476,23.21158884,17.70833333
5/9/2020,11.921248,11.99098474,11.96414702,33.29172446,38.33333333,28.88888889,57.14979196,23.3148405,15.5
5/10/2020,17.92500757,18.11248611,18.00798611,31.4837963,37.22222222,26.11111111,61.68055556,22.86111111,19.70833333
5/11/2020,12.31966529,12.41243056,12.43438889,31.56404321,37.77777778,26.66666667,57.97638889,21.83719136,15.29166667
5/12/2020,21.12351654,21.63335645,21.43160888,32.69610109,38.88888889,28.33333333,54.9667129,22.08583757,19.125
5/13/2020,14.64484523,14.89889043,14.91672677,33.52827863,38.33333333,29.44444444,55.72399445,23.12374788,14.16666667
5/14/2020,9.706361711,9.810569444,9.777930556,33.92746914,38.88888889,30,55.1375,23.34490741,11.91666667
5/15/2020,18.03943893,18.21650418,18.33552925,33.4811204,38.33333333,29.44444444,57.13649025,23.50046425,16.16666667
5/16/2020,15.37702465,15.51894444,15.54983333,33.45138889,38.88888889,30,56.78333333,23.37191358,15.75
5/17/2020,17.48032123,17.73827778,17.67408333,33.63117284,39.44444444,30,55.67638889,23.16898148,15.70833333
5/18/2020,15.1572272,15.38079057,15.33563107,32.66836184,36.66666667,27.77777778,57.32732316,22.8425027,14.83333333
5/19/2020,19.04310337,19.31557103,19.17963788,32.45202724,37.22222222,28.33333333,56.72144847,22.45666976,19.45833333
5/20/2020,18.20170641,18.51282337,18.43936022,31.98269201,37.77777778,26.11111111,58.92906815,22.64719518,16.45833333
5/21/2020,28.33045304,28.96716273,28.81787204,32.00123628,37.22222222,27.77777778,58.44367177,22.61165199,23
5/22/2020,27.57672334,27.82766434,27.79285315,31.77544678,35.55555556,28.33333333,57.86153846,22.23310023,23.125
5/23/2020,23.86848456,24.27965229,24.228637,31.87683511,37.77777778,26.11111111,56.3852573,21.85829084,22.79166667
5/24/2020,27.91826104,28.44027778,28.59283333,32.14583333,36.66666667,28.33333333,58.95,22.82330247,20.45833333
5/25/2020,20.54376689,20.83401389,20.96406944,29.17052469,33.88888889,25,66.13333333,21.94212963,17.375
5/26/2020,14.01341815,13.97600834,14.07151599,31.28496368,37.77777778,25.55555556,57.19054242,21.40241076,14.75
5/27/2020,20.2220654,20.58305556,20.53694444,31.27083333,36.11111111,26.66666667,60.8375,22.52160494,18.41666667
5/28/2020,17.39845738,17.60119444,17.66480556,29.93132716,36.66666667,23.33333333,63.9875,22.01466049,14.41666667
5/29/2020,19.67347251,19.80140473,20.00764951,31.02457116,35.55555556,26.66666667,60.09596662,22.08777623,21.16666667
5/30/2020,22.38481274,22.83670833,22.92443056,30.24228395,35.55555556,25.55555556,64.07916667,22.37345679,19.75
5/31/2020,7.821582191,7.702600834,7.780917942,31.2138773,37.22222222,25.55555556,59.71070932,22.03059805,10
6/1/2020,17.3724726,17.5649096,17.63243394,31.37845773,36.11111111,26.66666667,60.65785814,22.57379076,14.54166667
6/2/2020,27.92770152,28.47231944,28.6135,28.81867284,35,23.33333333,65.37222222,21.4375,22.58333333
6/3/2020,33.47701035,34.36383866,34.42418637,31.01916242,36.66666667,25,57.90125174,21.34059651,27.29166667
6/4/2020,18.41958964,18.50591099,18.71324061,30.87312626,36.11111111,26.11111111,61.60639777,22.35898625,18.79166667
6/5/2020,18.08201773,18.57218359,18.42253129,31.82970175,37.77777778,26.66666667,52.91515994,20.57332715,19.91666667
6/6/2020,17.77069581,18.04798611,18.11270833,31.25540123,36.11111111,26.11111111,59.4,22.14429012,18.83333333
6/7/2020,14.94634893,15.08769124,15.07445063,31.38850255,35.55555556,26.11111111,59.84144645,22.35280482,14.83333333
6/8/2020,17.48607114,17.59676389,17.70161111,31.43981481,35,27.22222222,59.16388889,22.22762346,15.375
6/9/2020,12.78490331,12.69481944,12.86927778,29.81790123,32.77777778,25.55555556,62.90972222,21.70216049,13.83333333
6/10/2020,13.24433127,13.29799722,13.36012517,29.63375058,34.44444444,24.44444444,65.32545202,22.15808994,15.29166667
6/11/2020,10.42346392,10.386875,10.44391667,29.51697531,33.33333333,24.44444444,61.81805556,21.12962963,11.08333333
6/12/2020,17.96550756,18.0194993,18.22607789,29.87791686,33.88888889,26.11111111,63.7232267,22.00664503,16.08333333
6/13/2020,26.59960528,26.91390821,27.26436718,30.17539793,33.33333333,26.11111111,64.24895688,22.47875135,19.25
6/14/2020,24.54402446,24.75840278,25.03336111,30.33873457,35,25.55555556,62.38888889,22.10725309,17.54166667
6/15/2020,31.36048961,31.59564673,31.92065369,31.13506413,35.55555556,27.22222222,60.86648122,22.47488796,23.70833333
6/16/2020,26.48784417,26.80595833,27.09091667,31.07253086,35,27.77777778,61.75694444,22.67052469,20.625
6/17/2020,26.19405911,26.27536857,26.76841446,30.28820893,33.33333333,26.66666667,64.7566064,22.71673621,20.16666667
6/18/2020,33.01263873,33.47131944,33.93502778,30.01080247,32.77777778,26.11111111,63.29583333,22.07330247,24.25
6/19/2020,34.32601031,34.92652778,35.31701389,30.54166667,35.55555556,26.66666667,60.32361111,21.74845679,23.58333333
6/20/2020,31.59636163,32.14739917,32.49439499,30.01236285,33.33333333,22.22222222,61.68428373,21.62030598,23.70833333
6/21/2020,13.67952159,13.51962448,13.78059805,28.87884407,33.33333333,24.44444444,63.61057024,20.97357441,17.875
6/22/2020,34.73478119,35.294875,35.77141667,29.64506173,34.44444444,25,64.16527778,21.87345679,21.04166667
6/23/2020,43.81428448,44.70936416,45.2600289,30.50818882,35,26.11111111,61.58092486,22.05362877,26.33333333
6/24/2020,38.74812261,39.18095105,39.94657343,30.34809635,34.44444444,26.66666667,62.41678322,22.16627817,25.45833333
6/25/2020,36.44543687,36.93595537,37.61523013,30.44088021,33.33333333,26.66666667,62.07670851,22.14318921,22.95833333
6/26/2020,27.65332947,27.77607789,28.3159249,29.61211559,31.66666667,27.22222222,63.36022253,21.73466234,19.45833333
6/27/2020,14.34143368,14.26477051,14.44044506,29.0403338,32.77777778,23.88888889,65.10570236,21.61335188,15.125
6/28/2020,21.8009411,21.99369958,22.11165508,29.41276464,32.77777778,26.11111111,63.14047288,21.4325452,17.54166667
6/29/2020,23.67889627,23.81834492,24.18702364,28.32251584,31.66666667,24.44444444,67.90125174,21.60948849,15.9375
6/30/2020,26.97195552,27.23073611,27.62779167,29.35339506,32.77777778,25.55555556,62.65277778,21.3279321,16.2
7/1/2020,25.38246293,25.45684284,25.95443672,29.27136455,32.77777778,25.55555556,61.34353268,20.84608252,19.125
7/2/2020,25.71673739,25.96892907,26.28650904,29.64379539,33.88888889,25.55555556,61.13212796,21.13429145,18.41666667
7/3/2020,30.55086462,31.09493741,31.36653686,29.03647041,31.66666667,25,64.55632823,21.51985783,21.58333333
7/4/2020,33.41433451,33.92340751,34.3766064,27.36130428,30,24.44444444,72.28650904,21.72307217,19.45833333
7/5/2020,40.91719789,41.72312935,42.2750904,29.06351414,32.22222222,25,65.2767733,21.64889507,24.70833333
7/6/2020,43.46570519,44.50937326,44.89366295,28.89121015,32.77777778,25.55555556,65.1281337,21.43221913,24.25
7/7/2020,40.31705759,41.22278164,41.57426982,28.76294236,32.22222222,25,64.11265647,21.0655231,25.77272727
7/8/2020,34.97378963,35.78810585,36.02593315,28.75967193,31.66666667,25,64.98885794,21.32466729,23.58333333
7/9/2020,48.75205002,49.91396384,50.25382476,29.16241694,32.22222222,25,62.3713491,20.98130119,30.5
7/10/2020,49.08829477,50.30019471,50.74349096,28.67408438,31.66666667,25,65.23922114,21.28650904,32.95833333
7/11/2020,43.21095951,44.1140612,44.60226704,28.72817184,31.66666667,25.55555556,63.97496523,21.04697883,27.29166667
7/12/2020,43.48960647,44.47546592,44.75358832,28.81316643,32.22222222,25,61.79694019,20.52155772,28.375
7/13/2020,35.70862313,36.49963839,36.77230876,28.49945913,32.22222222,25,64.46453408,20.93184979,25.08333333
7/14/2020,24.97697668,25.34634214,25.49172462,28.26997373,31.66666667,25,65.18497914,20.85844537,19
7/15/2020,26.00434848,26.38517385,26.59058414,28.09148509,31.66666667,23.88888889,64.53685675,20.52619379,19.33333333
7/16/2020,24.95593774,25.25374652,25.43955432,28.20798514,32.22222222,23.88888889,62.68941504,20.17099969,17.25
7/17/2020,26.63627801,27.06578581,27.14726008,28.12161953,32.22222222,24.44444444,62.97079277,20.19239685,20.125
7/18/2020,32.37990966,32.86965181,33.11097493,28.89275766,33.33333333,25,62.65041783,20.79851439,20.91666667
7/19/2020,21.9429195,22.13257302,22.35126565,29.14309998,32.77777778,25,63.35744089,21.24092103,20.5
7/20/2020,19.03904237,19.19481894,19.30227019,28.95697926,33.33333333,25,63.05710306,20.97879913,15.70833333
7/21/2020,26.93547357,27.29229485,27.5447427,28.87961675,32.22222222,25.55555556,63.87482615,21.15206305,18.83333333
7/22/2020,28.52648911,29.00243394,29.20821975,28.68644723,33.33333333,25,63.06258693,20.75336115,24.16666667
7/23/2020,27.28032064,27.82369958,27.92739917,29.36331324,33.88888889,25,61.20027816,20.81440272,25.25
7/24/2020,28.0539216,28.39557719,28.73563282,28.51414001,32.77777778,24.44444444,66.20862309,21.3583681,21.875
7/25/2020,38.71847342,39.38360223,39.8059249,28.8919796,32.77777778,25,62.17524339,20.66218513,26.79166667
7/26/2020,52.21358475,53.40468707,54.0405007,28.08530366,30.55555556,25,63.66620306,20.39252048,31.33333333
7/27/2020,41.45627804,42.3641922,42.71718663,28.23274528,31.66666667,25,61.95821727,19.99767874,26.45833333
7/28/2020,33.97084614,34.66503477,34.94756606,28.62308762,32.77777778,25,60.95132128,20.06876835,24.375
7/29/2020,32.94179115,33.36098886,33.81633705,29.19297431,33.88888889,25,61.07799443,20.62287218,23.66666667
7/30/2020,26.9703335,27.29884401,27.56033426,28.57783968,33.33333333,24.44444444,61.59331476,20.1996286,19.29166667
7/31/2020,24.87521641,24.88719054,25.38182197,28.37660331,31.66666667,25,63.60917942,20.60732499,17.45833333
8/1/2020,27.44971726,27.60089013,28.05584145,29.04419719,33.33333333,24.44444444,62.02503477,20.78735899,18.29166667
8/2/2020,27.40431122,27.63845404,28.07133705,28.43856391,32.77777778,25,61.16016713,19.95202724,19.08333333
8/3/2020,32.53422933,33.10500695,33.46004172,28.21047752,32.22222222,23.88888889,59.59527121,19.34090558,21.83333333
8/4/2020,39.44638429,40.02884562,40.50713491,27.96862927,33.33333333,23.33333333,59.06675939,18.85257302,24.79166667
8/5/2020,19.32970508,19.43729805,19.6067688,27.25394615,31.66666667,23.33333333,59.78272981,18.45171773,16.625
8/6/2020,26.80690822,26.98226704,27.32276773,27.37598516,32.22222222,22.22222222,58.6077886,18.26533766,18.8
8/7/2020,28.91115947,29.19087744,29.53803621,27.44042092,31.66666667,23.33333333,61.21448468,18.99798824,15.77777778
8/8/2020,36.62335948,37.32788595,37.67496523,28.74362541,33.88888889,23.88888889,58.90681502,19.59666203,27
8/9/2020,36.29228023,37.0905007,37.38919332,28.91515994,35.55555556,24.44444444,59.3922114,19.77746871,22.08333333
8/10/2020,31.88165992,32.5677886,32.77884562,28.57209087,33.33333333,24.44444444,60.14603616,19.80296708,21.04166667
8/11/2020,33.56044254,34.10052851,34.5003338,28.9097512,34.44444444,25,61.44645341,20.50146809,20.41666667
8/12/2020,44.46439247,45.13967967,45.76749304,28.93144537,33.88888889,24.44444444,58.61977716,19.65258434,26.375
8/13/2020,43.01677011,43.80889972,44.29019499,28.9631693,35.55555556,23.88888889,57.89693593,19.34230888,26.66666667
8/14/2020,36.52666481,37.36143255,37.61073713,27.80713955,32.77777778,23.88888889,63.0472879,19.81842065,23.5
8/15/2020,36.13449936,36.90988873,37.22578581,28.28079122,32.22222222,24.44444444,66.72461752,21.30814403,21.20833333
8/16/2020,34.94017981,35.64125348,35.95551532,29.38563912,35,25,60.37604457,20.53079542,24.04166667
8/17/2020,33.88843702,34.79301808,34.85404729,28.761397,33.33333333,24.44444444,60.39638387,20.08035852,21.375
8/18/2020,33.48074839,34.31787204,34.43817803,29.33936022,35,25,59.6620306,20.29748107,23.875
8/19/2020,36.36483694,37.10332406,37.16938804,28.98701901,33.88888889,24.44444444,62.63282337,20.88780714,22.29166667
8/20/2020,35.67364801,36.60015299,36.67682893,28.62926905,33.33333333,24.44444444,62.72878999,20.54242003,25.20833333
8/21/2020,32.85698391,33.61456825,33.80664345,28.54921077,32.77777778,24.44444444,63.88022284,20.78536057,24.20833333
8/22/2020,25.36107478,25.70705146,25.945758,28.98624633,33.88888889,25,63.06675939,20.96739298,20.41666667
8/23/2020,22.33168827,22.53630042,22.78454798,29.234276,34.44444444,25,60.91794159,20.6104157,17.70833333
8/24/2020,32.07177985,32.5386351,32.87057103,28.7991334,34.44444444,24.44444444,60.52924791,20.03404519,22.5
8/25/2020,23.51204641,23.9198331,23.97303199,28.94374903,33.88888889,24.44444444,60.73852573,20.31834338,19.45833333
8/26/2020,29.35178125,30.00325452,30.08148818,29.29995364,35.55555556,24.44444444,59.73018081,20.2681193,21.75
8/27/2020,26.54096718,26.99424791,27.15506964,29.09702878,33.88888889,25,62.53481894,20.9455277,19.91666667
8/28/2020,31.72123606,31.93100279,32.60785515,28.59057803,33.33333333,25,63.0376569,20.54651037,22.375
8/29/2020,29.60469833,29.6447427,30.37901252,28.33797586,31.11111111,25,63.57520891,20.4659249,21.04166667
8/30/2020,28.79142433,28.60611421,29.53200557,29.11049124,34.44444444,25,61.96348189,20.74857629,21.625
8/31/2020,31.55404224,31.47036161,32.44183588,29.04828227,35,25,61.72223922,20.63437645,22.08333333
9/1/2020,23.06506506,22.8964624,23.52681058,28.9461467,34.44444444,25.55555556,62.24233983,20.72887651,20
9/2/2020,22.543084,22.42656467,22.97696801,28.78225931,33.33333333,25,62.39916551,20.60191624,18.58333333
9/3/2020,20.62941581,20.4050904,21.02691238,29.42510059,35,25,62.2270195,21.99969093,17.95833333
9/4/2020,21.81856139,21.54739274,22.08534653,28.39587932,33.33333333,26.11111111,65.12828383,20.9246608,13.83333333
9/25/2020,12.72741077,13.75777778,12.7522739,31.12115992,36.11111111,25.55555556,59.58914729,21.86620729,19.08333333
9/26/2020,14.18597812,15.32524407,14.28283124,29.94188749,36.11111111,25,62.18967922,21.56903766,14.25
9/27/2020,15.63836582,16.56239221,15.76936022,29.7141091,36.11111111,24.44444444,60.90820584,21.0338433,14.5
9/28/2020,15.49209032,16.38155989,15.58420613,30.17564222,37.22222222,25,60.8913649,21.43299288,14.5
9/29/2020,12.46861002,13.1283032,12.50727399,30.23103075,36.66666667,25,62.97913769,22.06382321,12.29166667
9/30/2020,11.32890021,11.86486787,11.3032267,29.25127492,34.44444444,25.55555556,65.48400556,21.8667903,13.58333333
10/1/2020,10.16814553,10.58107242,10.1155571,29.81120396,35.55555556,24.44444444,64.29526462,22.01176106,12.625
10/2/2020,10.23999784,10.53852573,10.19694019,31.25869263,38.33333333,26.11111111,58.19471488,21.63344151,13.29166667
10/3/2020,13.65865314,14.08937326,13.77557103,32.49845249,40,26.11111111,54.15320334,21.32930981,14.08333333
10/4/2020,9.63071838,9.794450626,9.607329624,32.33657858,39.44444444,26.11111111,55.29346314,21.67748416,10.79166667
10/5/2020,18.81073697,19.55413649,19.10566852,31.83998762,40,26.66666667,56.8356546,21.77421851,16.54166667
10/6/2020,14.83342877,15.43598053,14.95819193,31.08406738,40.55555556,26.66666667,59.80528512,21.91083295,15.20833333
10/7/2020,17.51784624,18.23855355,17.71493741,28.90356977,33.88888889,23.33333333,63.0945758,20.97357441,18.33333333
10/8/2020,16.5387647,17.33235376,16.74750696,30.69947385,37.77777778,25,60.1281337,21.72469824,17.04166667
10/9/2020,13.42987625,13.89926184,13.51318942,30.28164655,36.66666667,25,61.27019499,21.68678428,14.20833333
10/10/2020,10.23002776,10.45213092,10.22435933,28.0632931,31.11111111,24.44444444,69.68523677,21.80362117,12.29166667
10/11/2020,8.279715363,8.428734353,8.210236439,29.79601298,36.66666667,23.88888889,64.12100139,21.92551383,10.75
10/12/2020,15.17726004,15.74482566,15.32624826,31.04989927,38.33333333,26.66666667,59.43375174,21.76894468,14.91666667
10/13/2020,11.23576573,11.44792479,11.24278552,30.62364593,37.77777778,25,59.26462396,21.39198391,13.625
10/14/2020,14.65827031,15.0183032,14.76036161,30.6598671,36.66666667,26.66666667,60.86230876,21.92474115,14.91666667
10/15/2020,15.78661812,16.24722841,15.95391365,30.3721758,36.11111111,25,61.57799443,21.87480656,16.41666667
10/16/2020,17.43965977,17.99598053,17.70229485,30.5717818,36.11111111,26.11111111,60.98191933,21.83820121,15.625
10/17/2020,15.29618901,15.61045961,15.44112813,31.1180749,37.77777778,26.11111111,59.6183844,21.94134943,16
10/18/2020,17.1620358,17.47564673,17.35598053,31.53453871,38.33333333,26.11111111,59.17524339,22.15886262,14.33333333
10/19/2020,15.74913099,16.18140669,15.96892758,31.66666667,38.33333333,26.11111111,58.23119777,22.05741257,14.83333333
10/20/2020,12.69794636,12.89011142,12.76167131,31.10337357,38.33333333,26.11111111,61.34261838,22.44274219,14.04166667
10/21/2020,16.36837144,16.6082312,16.59463788,31.80516868,39.44444444,23.88888889,57.09888579,21.65660786,16.91666667
10/22/2020,15.84803992,15.91735376,16.01905292,32.14794181,38.88888889,26.66666667,58.54038997,22.55648406,14.7826087
10/23/2020,15.76199039,15.84271588,15.92896936,32.1092541,39.44444444,26.11111111,57.82033426,22.27715877,15.20833333
10/24/2020,19.87762031,20.13571627,20.23539638,31.93942204,38.33333333,26.11111111,58.41168289,22.34044197,18.25
10/25/2020,28.46130645,28.80832869,29.17339833,29.22856701,31.11111111,25,65.7270195,22.00324977,22.41666667
10/26/2020,30.45515365,30.99318942,31.19987465,32.05973383,39.44444444,25.55555556,57.54735376,22.14948932,26.54166667
10/27/2020,23.0578016,23.54877437,23.5664624,32.17038069,40.55555556,26.66666667,58.2005571,22.42804085,19.875
10/28/2020,23.75550296,24.16100418,24.29659693,31.17387262,40,25,61.14086471,22.22609639,23.5
10/29/2020,22.60479799,22.74589136,23.11713092,32.12318168,38.88888889,26.11111111,57.44986072,22.15413185,23.04166667
10/30/2020,27.94913519,27.92300836,28.66171309,32.33673785,38.88888889,27.22222222,58.06128134,22.6640359,23.875
10/31/2020,18.95832724,18.91279944,19.3312117,32.91937481,39.44444444,27.22222222,56.90529248,22.77004024,18.70833333
11/1/2020,24.64738384,24.6345961,25.17867688,32.70117611,39.44444444,26.66666667,57.09610028,22.61528938,18.91666667
11/2/2020,19.70556787,19.51735744,20.05792768,31.86138155,38.88888889,23.33333333,57.76912378,22.0112811,22.625
11/3/2020,27.26757858,27.43532033,27.93293872,33.0176416,40.55555556,27.22222222,55.9178273,22.49303621,27
11/4/2020,26.55959716,26.6089415,27.22589136,33.20953265,40,27.77777778,56.09331476,22.87913959,27.375
11/5/2020,27.93616871,28.07817549,28.65192201,33.18245125,40,28.88888889,56.87743733,23.10662334,27.54166667
11/6/2020,23.69663485,23.77674095,24.19870474,33.02924791,40,26.66666667,57.44289694,23.11822965,23
11/7/2020,22.93290749,22.78155989,23.41142061,33.06793562,39.44444444,28.88888889,57.29526462,23.07876818,22.66666667
11/8/2020,17.42637934,17.21877437,17.65952646,32.19746209,40,24.44444444,58.51949861,22.56731662,20.91666667
11/9/2020,19.79417077,19.77501393,20.18973538,33.14376354,40,26.66666667,54.91225627,22.44661096,22.25
11/10/2020,20.52224748,20.40619777,20.95697772,33.25518415,39.44444444,27.22222222,54.67688022,22.43964717,20.33333333
11/11/2020,26.74241137,26.7163649,27.42892758,33.51052306,40,28.33333333,53.93314763,22.47756113,26.45833333
11/12/2020,27.56090959,27.56625348,28.29451253,33.74032807,40.55555556,27.77777778,53.45125348,22.51083256,26.875
11/13/2020,27.05858133,27.0413649,27.73047354,33.33874961,41.11111111,27.77777778,54.16573816,22.42571959,29.70833333
11/14/2020,24.29716696,24.32744089,24.88109875,33.84484624,41.11111111,27.22222222,53.59248957,22.67578427,28.16666667
11/15/2020,25.13164386,25.00247911,25.73423398,33.97168059,41.66666667,27.22222222,53.72980501,22.75224389,27.83333333
11/16/2020,29.04075143,28.98032033,29.83938719,32.53636645,40,26.66666667,56.19220056,22.28953884,30.20833333
11/17/2020,33.25627359,33.16182197,34.19097357,32.85195488,40,26.66666667,54.18080668,21.96723845,30.625
11/18/2020,30.09795955,30.05337047,30.92579387,32.20287837,39.44444444,26.66666667,54.48467967,21.48560817,31.70833333
11/19/2020,33.27978365,33.23899721,34.30963788,32.26400495,38.33333333,26.66666667,56.17130919,22.08294646,32.16666667
11/20/2020,28.27345219,28.07101671,29.0366156,32.52940266,40,27.77777778,55.14763231,21.94831322,28.66666667
11/21/2020,29.75814357,29.58674095,30.575961,33.22268647,41.11111111,26.66666667,54.83983287,22.49922625,29.08333333
11/22/2020,36.51022873,36.33245125,37.60577994,32.23847106,40,27.77777778,56.53064067,22.18972454,30.16666667
11/23/2020,25.4962843,25.21150418,26.15433148,32.99288146,41.66666667,25.55555556,54.74373259,22.08604147,24.04166667
11/24/2020,25.3238481,25.18230876,25.90673157,33.62695101,41.11111111,27.22222222,54.02086231,22.55910987,24.625
11/25/2020,32.50720144,32.37368201,33.42839609,32.67085077,39.44444444,27.22222222,56.0237099,22.3539439,28.08333333
11/26/2020,27.90399385,27.66783821,28.6411855,31.98667287,40,26.11111111,56.58019526,21.80846118,23.25
11/27/2020,32.39885696,32.26374652,33.33245125,31.8454039,38.88888889,26.11111111,57.44289694,22.0179511,25.875
11/28/2020,30.57119794,30.29363004,31.48420028,32.87358986,41.11111111,27.22222222,55.12100139,22.11327461,24
11/29/2020,26.8335021,26.49980501,27.52915042,33.66140514,42.77777778,26.66666667,53.51671309,22.26864748,21.29166667
11/30/2020,29.81950922,29.37571031,30.64754875,33.47570412,42.22222222,26.66666667,53.98328691,22.27948004,23.375
12/1/2020,29.21519236,28.77872045,29.99294854,33.80853037,41.66666667,27.22222222,53.72878999,22.56838201,22.95833333
12/2/2020,29.56321998,29.19494429,30.38328691,33.13370474,42.22222222,26.66666667,55.52506964,22.59207676,23.41666667
12/3/2020,27.60801289,27.23572423,28.31371866,32.89306716,40.55555556,27.22222222,55.8189415,22.42262457,21.70833333
12/4/2020,27.59790922,27.24930362,28.30703343,33.42463634,41.66666667,26.66666667,54.64623955,22.42649335,26
12/5/2020,30.3296607,29.96293872,31.18316156,33.49814299,41.11111111,27.22222222,54.99860724,22.67873723,18.14285714
12/6/2020,28.29102102,27.85175487,29.05575209,33.60569483,41.11111111,27.22222222,54.60584958,22.62147942,21.08333333
12/7/2020,28.27878392,27.93129707,29.04054393,33.21168449,40.55555556,27.22222222,54.27615063,22.27413606,22.16666667
12/8/2020,37.48181301,37.12298883,38.49812849,32.05617629,38.33333333,26.66666667,54.30586592,21.25155183,31.33333333
12/9/2020,38.58043106,38.28172702,39.89571031,33.29928815,40.55555556,26.66666667,54.76880223,22.37078304,27.04166667
12/10/2020,34.95123538,34.59470014,36.03274756,33.06214164,41.66666667,27.77777778,55.31799163,22.39655974,26.29166667
12/11/2020,30.48372775,29.94378492,31.32569832,32.59388579,40.55555556,27.22222222,56.38268156,22.38128492,25.29166667
12/12/2020,28.86038563,28.33382148,29.66888424,33.33798233,40.55555556,27.77777778,56.12273361,22.94204246,22.45833333
12/13/2020,38.66487936,38.19312413,39.86938633,33.35192934,40.55555556,27.22222222,53.74337517,22.28033473,27
12/14/2020,31.6394303,31.01848189,32.59655989,33.41767255,42.22222222,27.22222222,54.87047354,22.5270814,24.58333333
12/15/2020,38.67437733,38.2902514,39.90317039,33.72051521,42.22222222,27.22222222,53.43156425,22.31378026,29.66666667
12/16/2020,33.24395354,32.64472145,34.26001393,32.42030331,38.88888889,27.22222222,57.44986072,22.56963788,26
12/17/2020,35.52658699,34.92965181,36.64909471,32.04580625,39.44444444,27.22222222,58.29526462,22.47833488,27.04166667
12/18/2020,33.59398043,32.85398329,34.65977716,32.44661096,39.44444444,26.66666667,57.4902507,22.55261529,27
12/19/2020,35.53496769,34.9894429,36.6645961,32.65707211,40,26.11111111,55.38718663,22.02259362,26.25
12/20/2020,33.18385396,32.62090529,34.20738162,33.17935624,41.11111111,26.66666667,55.99721448,22.59052925,26.16666667
12/21/2020,46.09652874,45.68862117,47.82896936,32.9735376,40,27.22222222,53.95125348,21.91194677,36.66666667
12/22/2020,42.98513218,42.17307799,44.5164624,32.71665119,40.55555556,26.11111111,55.46935933,22.15258434,34.29166667
12/23/2020,50.35057117,49.65486072,52.40519499,33.08727948,41.11111111,27.22222222,56.48885794,22.75998143,42.20833333
12/24/2020,53.12422312,52.38631285,55.30182961,33.58705773,41.66666667,27.77777778,54.33379888,22.48215394,43.20833333
12/25/2020,57.95098734,57.00351464,60.54998605,32.98078413,40.55555556,27.22222222,56.59135286,22.87230745,40.08333333
12/26/2020,43.91625183,42.8132312,45.58718663,34.18678428,42.77777778,28.33333333,54.24373259,22.99365522,32.79166667
12/27/2020,51.66306313,50.51718271,53.79253835,33.90980939,42.22222222,27.22222222,53.42119944,22.3237254,35.79166667
12/28/2020,59.62751208,58.49245125,62.25603064,33.44862272,41.11111111,28.33333333,55.1810585,22.74141133,42.45833333
12/29/2020,57.30062864,55.87217573,59.78974895,33.3697505,41.66666667,27.22222222,55.44630404,22.7134666,40.625
12/30/2020,62.6430302,61.24252089,65.6571727,33.46273051,41.11111111,27.22222222,56.44630404,22.94645621,44.875
12/31/2020,60.02575926,58.79682451,62.92584958,33.381373,41.11111111,28.88888889,56.22454672,22.99377902,50.75
1/1/2021,59.10032189,57.97412096,62.06075949,33.00469484,41.11111111,27.77777778,56.55352113,23.41147054,60.08333333
1/2/2021,43.63479536,42.11220056,45.37069638,33.20411637,40.55555556,27.77777778,57.56406685,23.26137419,46.5
1/3/2021,42.93018613,41.42735376,44.63008357,33.71169916,41.11111111,27.77777778,56.44707521,23.25827917,35.45833333
1/4/2021,41.05347696,39.45593315,42.59164345,33.32946456,41.66666667,18.33333333,56.65598886,23.69018106,34.54166667
1/5/2021,43.08248194,41.64853352,44.68541899,33.14944134,41.11111111,27.77777778,57.50558659,23.14866543,33.625
1/6/2021,40.58644652,39.36277545,42.07596932,32.16798388,39.44444444,26.66666667,59.76569038,22.97923446,30.29166667
1/7/2021,33.85770227,32.82174338,34.9509205,31.30481946,38.33333333,22.22222222,59.13249651,21.9688517,25.91666667
1/8/2021,40.2313424,39.08898187,41.71011158,31.89136836,38.33333333,27.77777778,59.21896792,22.51588408,25.70833333
1/9/2021,38.27042515,37.03589958,39.69474198,32.37563924,40,26.11111111,58.48814505,22.60653959,24.16666667
1/10/2021,34.61412639,33.37470014,35.80898187,32.84091895,41.11111111,26.66666667,57.83786611,22.81636448,24.375
1/11/2021,39.46821626,38.44146648,40.94945531,32.7490689,40.55555556,26.66666667,58.12430168,22.83985102,27.70833333
1/12/2021,37.24831558,36.22135286,38.53502092,32.79249961,42.22222222,26.66666667,56.11854951,22.19045405,26.20833333
1/13/2021,38.89908303,37.89861732,40.27378492,32.68156425,41.66666667,26.11111111,52.19553073,20.85195531,27.125
1/14/2021,36.57097592,35.57587169,37.91052999,32.90020146,41.66666667,27.22222222,56.23012552,22.42212924,26.95833333
1/15/2021,36.03604052,34.92093575,37.33506983,32.69708256,40.55555556,27.77777778,57.09078212,22.52017381,21.91666667
1/16/2021,38.67201314,37.54248603,40.01212291,32.25636251,38.88888889,27.22222222,58.75558659,22.72191186,26.5
1/17/2021,56.37341942,55.41507714,58.69950912,32.8323204,40.55555556,26.66666667,54.53997195,21.9183419,38.625
1/18/2021,53.1687759,51.96299107,55.59078869,32.73974868,40.55555556,27.22222222,56.04017857,22.26438492,32.125
1/19/2021,44.19742988,42.92760802,45.92654321,32.57973251,40.55555556,26.66666667,57.58333333,22.49314129,27.66666667
1/20/2021,34.2026266,32.77249615,35.33465331,33.10049649,40.55555556,27.77777778,57.34206471,22.99691834,24
1/21/2021,38.37062098,36.90584496,39.72448062,33.07321275,40.55555556,27.77777778,56.32403101,22.62962963,25.625
1/22/2021,55.55897584,54.13397833,58.09897833,32.71585827,40.55555556,26.66666667,56.2755418,22.35810114,35.08333333
1/23/2021,65.99978103,64.60409302,69.40404651,33.00258398,40.55555556,27.22222222,54.63875969,22.08871662,53.625
1/24/2021,81.841547,80.71469673,86.72699844,32.86504234,40.55555556,26.66666667,54.29393468,21.80058752,80.25
1/25/2021,73.86086868,72.98314729,77.4267907,33.24547804,42.22222222,26.66666667,49.56589147,20.16968131,121.6666667
1/26/2021,65.87326831,65.23271028,68.81619938,33.01055729,41.11111111,28.33333333,51.69003115,20.9103496,111.6666667
1/27/2021,52.502215,51.81770671,54.61269891,33.01958745,40,27.22222222,56.72854914,22.76304386,70.5
1/28/2021,44.33328861,43.45208398,46.07581649,33.26421289,40,29.44444444,57.09020218,23.1881804,45.70833333
1/29/2021,51.86039821,51.01012384,54.10654799,33.37805298,40,27.77777778,55.30650155,22.749398,41.5
1/30/2021,51.65870716,50.78130168,53.69643185,33.04321933,41.11111111,27.22222222,52.7856049,21.72877318,44.79166667
1/31/2021,49.95199418,48.78071429,52.25892857,33.17028986,40,27.77777778,57.83074534,23.27553485,36.29166667
2/1/2021,43.42520087,42.02404355,45.03472784,33.65301538,41.66666667,28.33333333,56.69362364,23.30568516,34.91666667
2/2/2021,42.54486519,41.38979751,44.21394081,33.9295604,41.66666667,28.88888889,55.9953271,23.41900312,38.08333333
2/3/2021,40.24698303,39.32785047,41.7494704,33.89840775,41.11111111,28.33333333,56.64953271,23.55313257,37.66666667
2/4/2021,40.21204156,39.16722481,41.70344186,33.91903531,42.22222222,28.88888889,57.02945736,23.72782084,39.08333333
2/5/2021,44.54461344,43.27461059,46.21302181,33.40083074,41.66666667,29.44444444,55.61838006,22.94825199,39.125
2/6/2021,46.04071063,45.12809302,47.87657364,33.76830319,42.22222222,27.77777778,55.46976744,23.07321275,37.08333333
2/7/2021,35.30241161,34.15550232,36.44452859,34.17482397,42.77777778,27.77777778,55.02163833,23.27923751,32.33333333
2/8/2021,37.31204799,36.44634526,38.54561431,33.41541386,42.22222222,27.77777778,54.34214619,22.48055988,32.75
2/9/2021,31.6174205,31.32382488,32.51619048,33.46475508,41.66666667,27.22222222,54.31490015,22.45263697,29.91666667
2/10/2021,33.3714039,33.1403864,34.34258114,34.4384338,43.33333333,28.88888889,55.76043277,23.65275631,33.33333333
2/11/2021,34.72139294,34.53529503,35.75720497,34.03381643,41.66666667,29.44444444,57.31987578,23.93202208,33.66666667
2/12/2021,30.40163599,30.09295209,31.25673879,34.07693629,42.22222222,28.88888889,56.52086553,23.72144942,34.91666667
2/13/2021,31.04628192,30.75615504,31.92795349,33.95951766,42.22222222,28.88888889,57.17984496,23.81826012,30.875
2/14/2021,28.71965269,28.3344186,29.48328682,33.76744186,42.22222222,28.88888889,56.3627907,23.36089578,26.16666667
2/15/2021,28.53523854,28.06356589,29.30009302,34.46339363,42.77777778,29.44444444,54.94418605,23.46683893,25.04166667
2/16/2021,26.91222506,26.3688408,27.57885626,34.68315301,42.77777778,28.88888889,53.9984544,23.32560536,23.04166667
2/17/2021,42.691554,42.12517774,44.16544049,34.64193715,42.77777778,28.33333333,53.68469861,23.19938176,29.66666667
2/18/2021,32.89391879,32.12175466,33.87762422,33.49982747,42.22222222,27.22222222,55.31987578,22.77950311,26.625
2/19/2021,34.69720338,33.79467391,35.81583851,34.36853002,42.77777778,27.77777778,51.95807453,22.2800207,26.05
2/20/2021,41.10702424,40.46289922,42.55694574,34.60034453,43.33333333,27.77777778,50.72403101,22.02325581,44.52941176
2/21/2021,36.63625947,35.77950388,37.86437209,33.99138674,41.66666667,27.22222222,52.81085271,22.32816537,39.41666667
2/22/2021,32.18053235,31.21262751,33.16491499,33.8957582,41.11111111,27.77777778,54.11282844,22.74600721,41.29166667
2/23/2021,36.70485094,35.73149691,37.95492284,33.94118656,41.11111111,28.33333333,54.23302469,22.86179698,52.875
2/24/2021,34.35709465,33.37121166,35.51489264,33.79601227,40.55555556,30,54.34202454,22.84764826,47.58333333
2/25/2021,44.4513805,40.67160187,46.50723173,31.87402799,40,23.33333333,53.95178849,21.01779851,47.875
2/26/2021,37.79920749,35.32803406,39.22092879,32.43378053,39.44444444,25.55555556,54.52941176,21.5995872,39.54166667
2/27/2021,35.01392766,32.73431677,36.43757764,33.58350587,40,28.33333333,54.5636646,22.74930987,35.45833333
2/28/2021,30.28932043,27.96962906,31.24482226,33.98076593,41.11111111,27.77777778,54.35548686,22.92031599,25.95833333
3/1/2021,33.88593345,31.28108527,35.09347287,33.84065461,41.66666667,27.77777778,55.5751938,23.15159345,36.33333333
3/2/2021,39.41968111,36.63929797,41.03898596,34.47217889,41.66666667,28.33333333,55.5725429,23.77275091,40.5
3/3/2021,34.50653916,32.02544479,35.72875767,34.44103613,41.11111111,30,55.82361963,23.89144513,33.41666667
3/4/2021,37.90633096,35.12936335,39.23968944,34.15545204,40.55555556,28.88888889,56.9378882,24.01397516,34.70833333
3/5/2021,58.40061339,55.72644013,61.60110032,32.42179072,40,28.88888889,58.21035599,22.79216109,38.70833333
